Year,HourlyVolatility
2016,0.5296607651481435
2017,0.5281841869099946
2018,0.708518317093541
2019,1.0701969579858055
